,Deep_GazeII,FCN,GDI,Itti_Koch,Random_Forest,SALICON,SVM
avg,0.8100090661111111,0.799572585,0.8208291050000001,0.6436202555555555,0.660233533888889,0.8416520955555555,0.5932777777777777
max,0.9231908000000002,0.890374235,0.88996566,0.772334275,0.75744417,0.903555835,0.7196500000000001
min,0.698139745,0.7219229199999999,0.666315145,0.5279465200000001,0.587962685,0.73942277,0.5162
