,FCN,Deep_GazeII,GDI,Itti_Koch,Random_Forest,SVM,SALICON
max,0.89930638,0.9231908000000002,0.88996566,0.772334275,0.75744417,0.7196500000000001,0.903555835
min,0.70289594,0.698139745,0.666315145,0.5279465200000001,0.587962685,0.5162,0.73942277
avg,0.8024648506250001,0.817426105,0.8222886237500001,0.6561757475,0.668090374375,0.597575,0.851027573125
