,FCN,Deep_GazeII,GDI,Itti_Koch,Random_Forest,SVM,SALICON
max,0.49978800000000007,0.4999680000000001,0.49888000000000005,0.49986500000000006,0.499863,0.4789690000000001,0.49927750000000004
min,0.486034,0.4992879999999999,0.48561600000000005,0.49860499999999996,0.49690900000000005,0.40136049999999995,0.494464
avg,0.4975563888888888,0.499671,0.49502038888888894,0.49950194444444446,0.4988346111111112,0.44110616666666674,0.4979906666666666
