,FCN,Deep_GazeII,GDI,Itti_Koch,Random_Forest,SVM,SALICON
max,0.6038231718106879,0.7320162681814119,0.6548425803176601,0.520647353831479,0.41138211336870095,0.5140442252488384,0.6374109668964273
min,0.2758017194049962,0.1327112978571027,0.3187005396425873,0.0904591132005676,0.1578795789149052,0.0203956657298279,0.3318068915586431
avg,0.39063717639288703,0.48322530083335863,0.49204958534353016,0.2189052771089827,0.25371078301653355,0.25864280284692515,0.4442746529401883
