,FCN,Deep_GazeII,GDI,Itti_Koch,Random_Forest,SVM,SALICON
max,0.6584629991165674,0.7320162681814119,0.6548425803176601,0.520647353831479,0.41138211336870095,0.5140442252488384,0.6374109668964273
min,0.3448405709465958,0.1327112978571027,0.3187005396425873,0.08730826906089757,0.14044002211042042,0.0203956657298279,0.3318068915586431
avg,0.5258881218281242,0.45942952741707166,0.4763187028852685,0.20428338732586213,0.24112514291585432,0.2492616190699985,0.4367877789590595
