,Deep_GazeII,FCN,GDI,Itti_Koch,Random_Forest,SALICON,SVM
avg,0.5805355966058221,0.6510165751476472,0.807455637723201,0.34535173523471374,0.3869641099847141,0.7188166900564392,0.3963080480797293
max,0.9829035599258384,1.07340302087073,1.172463854679399,0.834993270383074,0.7345005807413879,1.0926059254833314,0.8794143982447459
min,0.29120101084234085,0.41124107762342044,0.39262022271357727,0.09334990219943627,0.19496121572253952,0.4366130605460162,0.10612412016899749
