,FCN,Deep_GazeII,GDI,Itti_Koch,Random_Forest,SVM,SALICON
max,0.9851692893575802,0.9829035599258384,1.172463854679399,0.834993270383074,0.7345005807413879,0.8794143982447459,1.0926059254833314
min,0.4302273615011884,0.29120101084234085,0.39262022271357727,0.09334990219943627,0.19496121572253952,0.10612412016899749,0.4366130605460162
avg,0.6500939567975517,0.5842241994429469,0.8070901772762014,0.37498893020534374,0.4011931539655325,0.4037626572565905,0.7220258374961099
