,FiWI,MassVis,MIT
max,0.5,0.5007000000000001,0.5011000000000001
min,0.5,0.4999998799999998,0.49999999999999994
avg,0.5,0.5002748792499999,0.5003386666666667
