,FiWI,MassVis,MIT
max,0.89930638,0.9079710399999998,0.843289
min,0.70289594,0.22240555,0.36087081
avg,0.8024648506250001,0.6772669610526314,0.7405584391666666
