,FiWI,MassVis,MIT
max,0.4997680000000001,0.46911801125,0.499922
min,0.4859644999999999,0.0726826592,0.33103481180000005
avg,0.4975382222222222,0.32020551250000007,0.42582068519444444
