,FiWI,MassVis,MIT
max,0.8364543199999999,0.97412443,0.90870826
min,0.56396948,0.046270574999999994,0.456415465
avg,0.7422462533333332,0.68150599525,0.7508976622222222
