,FiWI,MIT,MassVis
avg,0.799572585,0.7508976622222222,0.68150599525
max,0.890374235,0.90870826,0.97412443
min,0.7219229199999999,0.456415465,0.046270574999999994
