,FiWI,MIT,MassVis
avg,0.5258881218281242,0.06720266275728129,0.2608132050164421
max,0.6584629991165674,0.17061074997977485,0.5028900813493559
min,0.3448405709465958,-0.04942311336183091,0.013080172147309324
