,FiWI,MassVis,MIT
max,0.6038231718106879,0.6365565173011194,0.5773266074137149
min,0.2758017194049962,-0.09073543438954751,-0.13658909522901322
avg,0.39063717639288703,0.32260230434741555,0.3251659751974721
