,FiWI,MassVis,MIT
max,0.6584629991165674,0.5028900813493561,0.17061074997977485
min,0.3448405709465958,0.013080172147309301,-0.04942311336183092
avg,0.5258881218281242,0.2608132050164421,0.06720266275728132
