,FiWI,MassVis,MIT
max,1.07340302087073,0.18313394354051094,0.5089672624077964
min,0.41124107762342044,-0.05258795654986186,-0.10142643836371455
avg,0.6510165751476472,0.0324049762729916,0.25177203325991476
