,FiWI,MassVis,MIT
max,0.9851692893575802,0.09816381478927542,0.7317566717405899
min,0.4302273615011884,-0.00237549101676875,-0.21559166454146403
avg,0.6500939567975517,0.02470081344289378,0.4983088189859383
